{
  "__inputs": [
    {
      "name": "DS_PROMETHEUS",
      "label": "Prometheus",
      "description": "",
      "type": "datasource",
      "pluginId": "prometheus",
      "pluginName": "Prometheus"
    }
  ],
  "__requires": [
    {
      "type": "panel",
      "id": "gauge",
      "name": "Gauge",
      "version": ""
    },
    {
      "type": "grafana",
      "id": "grafana",
      "name": "Grafana",
      "version": "6.5.2"
    },
    {
      "type": "panel",
      "id": "graph",
      "name": "Graph",
      "version": ""
    },
    {
      "type": "datasource",
      "id": "prometheus",
      "name": "Prometheus",
      "version": "1.0.0"
    }
  ],
  "annotations": {
    "list": [
      {
        "builtIn": 1,
        "datasource": "-- Grafana --",
        "enable": true,
        "hide": true,
        "iconColor": "rgba(0, 211, 255, 1)",
        "name": "Annotations & Alerts",
        "type": "dashboard"
      }
    ]
  },
  "editable": true,
  "gnetId": null,
  "graphTooltip": 0,
  "id": null,
  "links": [],
  "panels": [
    {
      "datasource": "${DS_PROMETHEUS}",
      "description": "",
      "gridPos": {
        "h": 3,
        "w": 3,
        "x": 0,
        "y": 0
      },
      "id": 13,
      "options": {
        "fieldOptions": {
          "calcs": [
            "mean"
          ],
          "defaults": {
            "mappings": [],
            "max": 50,
            "min": 0,
            "thresholds": [
              {
                "color": "green",
                "value": null
              },
              {
                "color": "yellow",
                "value": 5
              },
              {
                "color": "orange",
                "value": 8
              },
              {
                "color": "dark-red",
                "value": 10
              }
            ],
            "unit": "short"
          },
          "override": {},
          "values": false
        },
        "orientation": "auto",
        "showThresholdLabels": false,
        "showThresholdMarkers": true
      },
      "pluginVersion": "6.5.2",
      "targets": [
        {
          "expr": "avg by(destination_service)(rate(istio_requests_total{reporter=\"source\",destination_service=\"front-end.sock-shop.svc.cluster.local\",response_code!~\"2..\"}[5m]))",
          "refId": "A"
        }
      ],
      "timeFrom": null,
      "timeShift": null,
      "title": "Front End Errors",
      "type": "gauge"
    },
    {
      "datasource": "${DS_PROMETHEUS}",
      "description": "",
      "gridPos": {
        "h": 3,
        "w": 3,
        "x": 3,
        "y": 0
      },
      "id": 14,
      "options": {
        "fieldOptions": {
          "calcs": [
            "mean"
          ],
          "defaults": {
            "mappings": [],
            "max": 50,
            "min": 0,
            "thresholds": [
              {
                "color": "green",
                "value": null
              },
              {
                "color": "yellow",
                "value": 5
              },
              {
                "color": "orange",
                "value": 8
              },
              {
                "color": "dark-red",
                "value": 10
              }
            ],
            "unit": "short"
          },
          "override": {},
          "values": false
        },
        "orientation": "auto",
        "showThresholdLabels": false,
        "showThresholdMarkers": true
      },
      "pluginVersion": "6.5.2",
      "targets": [
        {
          "expr": "avg by(destination_service)(rate(istio_requests_total{reporter=\"source\",destination_service=\"catalogue.sock-shop.svc.cluster.local\",response_code!~\"2..\"}[5m]))",
          "refId": "A"
        }
      ],
      "timeFrom": null,
      "timeShift": null,
      "title": "Catalogue Errors",
      "type": "gauge"
    },
    {
      "datasource": "${DS_PROMETHEUS}",
      "description": "",
      "gridPos": {
        "h": 3,
        "w": 3,
        "x": 6,
        "y": 0
      },
      "id": 17,
      "options": {
        "fieldOptions": {
          "calcs": [
            "mean"
          ],
          "defaults": {
            "mappings": [],
            "max": 50,
            "min": 0,
            "thresholds": [
              {
                "color": "green",
                "value": null
              },
              {
                "color": "yellow",
                "value": 5
              },
              {
                "color": "orange",
                "value": 8
              },
              {
                "color": "dark-red",
                "value": 10
              }
            ],
            "unit": "short"
          },
          "override": {},
          "values": false
        },
        "orientation": "auto",
        "showThresholdLabels": false,
        "showThresholdMarkers": true
      },
      "pluginVersion": "6.5.2",
      "targets": [
        {
          "expr": "avg by(destination_service)(rate(istio_requests_total{reporter=\"source\",destination_service=\"carts.sock-shop.svc.cluster.local\",response_code!~\"2..\"}[5m]))",
          "refId": "A"
        }
      ],
      "timeFrom": null,
      "timeShift": null,
      "title": "Carts Errors",
      "type": "gauge"
    },
    {
      "datasource": "${DS_PROMETHEUS}",
      "description": "",
      "gridPos": {
        "h": 3,
        "w": 3,
        "x": 9,
        "y": 0
      },
      "id": 15,
      "options": {
        "fieldOptions": {
          "calcs": [
            "mean"
          ],
          "defaults": {
            "mappings": [],
            "max": 50,
            "min": 0,
            "thresholds": [
              {
                "color": "green",
                "value": null
              },
              {
                "color": "yellow",
                "value": 5
              },
              {
                "color": "orange",
                "value": 8
              },
              {
                "color": "dark-red",
                "value": 10
              }
            ],
            "unit": "short"
          },
          "override": {},
          "values": false
        },
        "orientation": "auto",
        "showThresholdLabels": false,
        "showThresholdMarkers": true
      },
      "pluginVersion": "6.5.2",
      "targets": [
        {
          "expr": "avg by(destination_service)(rate(istio_requests_total{reporter=\"source\",destination_service=\"orders.sock-shop.svc.cluster.local\",response_code!~\"2..\"}[5m]))",
          "refId": "A"
        }
      ],
      "timeFrom": null,
      "timeShift": null,
      "title": "Orders Errors",
      "type": "gauge"
    },
    {
      "datasource": "${DS_PROMETHEUS}",
      "description": "",
      "gridPos": {
        "h": 3,
        "w": 3,
        "x": 12,
        "y": 0
      },
      "id": 16,
      "options": {
        "fieldOptions": {
          "calcs": [
            "mean"
          ],
          "defaults": {
            "mappings": [],
            "max": 50,
            "min": 0,
            "thresholds": [
              {
                "color": "green",
                "value": null
              },
              {
                "color": "yellow",
                "value": 5
              },
              {
                "color": "orange",
                "value": 8
              },
              {
                "color": "dark-red",
                "value": 10
              }
            ],
            "unit": "short"
          },
          "override": {},
          "values": false
        },
        "orientation": "auto",
        "showThresholdLabels": false,
        "showThresholdMarkers": true
      },
      "pluginVersion": "6.5.2",
      "targets": [
        {
          "expr": "avg by(destination_service)(rate(istio_requests_total{reporter=\"source\",destination_service=\"payment.sock-shop.svc.cluster.local\",response_code!~\"2..\"}[5m]))",
          "refId": "A"
        }
      ],
      "timeFrom": null,
      "timeShift": null,
      "title": "Payment Errors",
      "type": "gauge"
    },
    {
      "datasource": "${DS_PROMETHEUS}",
      "description": "",
      "gridPos": {
        "h": 3,
        "w": 3,
        "x": 15,
        "y": 0
      },
      "id": 20,
      "options": {
        "fieldOptions": {
          "calcs": [
            "mean"
          ],
          "defaults": {
            "mappings": [],
            "max": 50,
            "min": 0,
            "thresholds": [
              {
                "color": "green",
                "value": null
              },
              {
                "color": "yellow",
                "value": 5
              },
              {
                "color": "orange",
                "value": 8
              },
              {
                "color": "dark-red",
                "value": 10
              }
            ],
            "unit": "short"
          },
          "override": {},
          "values": false
        },
        "orientation": "auto",
        "showThresholdLabels": false,
        "showThresholdMarkers": true
      },
      "pluginVersion": "6.5.2",
      "targets": [
        {
          "expr": "avg by(destination_service)(rate(istio_requests_total{reporter=\"source\",destination_service=\"session-db.sock-shop.svc.cluster.local\",response_code!~\"2..\"}[5m]))",
          "refId": "A"
        }
      ],
      "timeFrom": null,
      "timeShift": null,
      "title": "Session Errors",
      "type": "gauge"
    },
    {
      "datasource": "${DS_PROMETHEUS}",
      "description": "",
      "gridPos": {
        "h": 3,
        "w": 3,
        "x": 18,
        "y": 0
      },
      "id": 18,
      "options": {
        "fieldOptions": {
          "calcs": [
            "mean"
          ],
          "defaults": {
            "mappings": [],
            "max": 50,
            "min": 0,
            "thresholds": [
              {
                "color": "green",
                "value": null
              },
              {
                "color": "yellow",
                "value": 5
              },
              {
                "color": "orange",
                "value": 8
              },
              {
                "color": "dark-red",
                "value": 10
              }
            ],
            "unit": "short"
          },
          "override": {},
          "values": false
        },
        "orientation": "auto",
        "showThresholdLabels": false,
        "showThresholdMarkers": true
      },
      "pluginVersion": "6.5.2",
      "targets": [
        {
          "expr": "avg by(destination_service)(rate(istio_requests_total{reporter=\"source\",destination_service=\"shipping.sock-shop.svc.cluster.local\",response_code!~\"2..\"}[5m]))",
          "refId": "A"
        }
      ],
      "timeFrom": null,
      "timeShift": null,
      "title": "Shipping Errors",
      "type": "gauge"
    },
    {
      "datasource": "${DS_PROMETHEUS}",
      "description": "",
      "gridPos": {
        "h": 3,
        "w": 3,
        "x": 21,
        "y": 0
      },
      "id": 19,
      "options": {
        "fieldOptions": {
          "calcs": [
            "mean"
          ],
          "defaults": {
            "mappings": [],
            "max": 50,
            "min": 0,
            "thresholds": [
              {
                "color": "green",
                "value": null
              },
              {
                "color": "yellow",
                "value": 5
              },
              {
                "color": "orange",
                "value": 8
              },
              {
                "color": "dark-red",
                "value": 10
              }
            ],
            "unit": "short"
          },
          "override": {},
          "values": false
        },
        "orientation": "auto",
        "showThresholdLabels": false,
        "showThresholdMarkers": true
      },
      "pluginVersion": "6.5.2",
      "targets": [
        {
          "expr": "avg by(destination_service)(rate(istio_requests_total{reporter=\"source\",destination_service=\"user.sock-shop.svc.cluster.local\",response_code!~\"2..\"}[5m]))",
          "refId": "A"
        }
      ],
      "timeFrom": null,
      "timeShift": null,
      "title": "Users Errors",
      "type": "gauge"
    },
    {
      "alert": {
        "alertRuleTags": {},
        "conditions": [
          {
            "evaluator": {
              "params": [
                10
              ],
              "type": "gt"
            },
            "operator": {
              "type": "and"
            },
            "query": {
              "params": [
                "B",
                "30s",
                "now"
              ]
            },
            "reducer": {
              "params": [],
              "type": "min"
            },
            "type": "query"
          },
          {
            "evaluator": {
              "params": [
                10
              ],
              "type": "gt"
            },
            "operator": {
              "type": "or"
            },
            "query": {
              "params": [
                "A",
                "30s",
                "now"
              ]
            },
            "reducer": {
              "params": [],
              "type": "min"
            },
            "type": "query"
          },
          {
            "evaluator": {
              "params": [
                10
              ],
              "type": "gt"
            },
            "operator": {
              "type": "or"
            },
            "query": {
              "params": [
                "C",
                "30s",
                "now"
              ]
            },
            "reducer": {
              "params": [],
              "type": "min"
            },
            "type": "query"
          },
          {
            "evaluator": {
              "params": [
                10
              ],
              "type": "gt"
            },
            "operator": {
              "type": "or"
            },
            "query": {
              "params": [
                "D",
                "30s",
                "now"
              ]
            },
            "reducer": {
              "params": [],
              "type": "min"
            },
            "type": "query"
          },
          {
            "evaluator": {
              "params": [
                10
              ],
              "type": "gt"
            },
            "operator": {
              "type": "or"
            },
            "query": {
              "params": [
                "E",
                "30s",
                "now"
              ]
            },
            "reducer": {
              "params": [],
              "type": "min"
            },
            "type": "query"
          },
          {
            "evaluator": {
              "params": [
                10
              ],
              "type": "gt"
            },
            "operator": {
              "type": "or"
            },
            "query": {
              "params": [
                "F",
                "30s",
                "now"
              ]
            },
            "reducer": {
              "params": [],
              "type": "min"
            },
            "type": "query"
          },
          {
            "evaluator": {
              "params": [
                10
              ],
              "type": "gt"
            },
            "operator": {
              "type": "or"
            },
            "query": {
              "params": [
                "G",
                "30s",
                "now"
              ]
            },
            "reducer": {
              "params": [],
              "type": "min"
            },
            "type": "query"
          }
        ],
        "executionErrorState": "alerting",
        "for": "30s",
        "frequency": "10s",
        "handler": 1,
        "message": "There are some errors.  Please go take a look.",
        "name": "Client Failure Rate (5xx responses) alert",
        "noDataState": "ok",
        "notifications": [
          {
            "uid": "gtGk8BXWz"
          },
          {
            "uid": "Ng1zsK9Zz"
          }
        ]
      },
      "aliasColors": {},
      "bars": false,
      "cacheTimeout": null,
      "dashLength": 10,
      "dashes": false,
      "datasource": "${DS_PROMETHEUS}",
      "fill": 1,
      "fillGradient": 0,
      "gridPos": {
        "h": 4,
        "w": 24,
        "x": 0,
        "y": 3
      },
      "hiddenSeries": false,
      "id": 4,
      "interval": "",
      "legend": {
        "alignAsTable": false,
        "avg": false,
        "current": true,
        "max": false,
        "min": false,
        "rightSide": true,
        "show": true,
        "total": false,
        "values": true
      },
      "lines": true,
      "linewidth": 1,
      "links": [],
      "nullPointMode": "null",
      "options": {
        "dataLinks": []
      },
      "percentage": false,
      "pointradius": 2,
      "points": false,
      "renderer": "flot",
      "seriesOverrides": [],
      "spaceLength": 10,
      "stack": false,
      "steppedLine": false,
      "targets": [
        {
          "expr": "avg by(response_code)(rate(istio_requests_total{reporter=\"source\",destination_service=\"front-end.sock-shop.svc.cluster.local\",response_code!~\"2..\"}[5m]))",
          "format": "time_series",
          "instant": false,
          "intervalFactor": 1,
          "legendFormat": "FrontEnd {{response_code}}",
          "refId": "B"
        },
        {
          "expr": "avg by(response_code)(rate(istio_requests_total{reporter=\"source\",destination_service=\"orders.sock-shop.svc.cluster.local\",response_code!~\"2..\"}[5m]))",
          "legendFormat": "Orders {{response_code}}",
          "refId": "A"
        },
        {
          "expr": "avg by(response_code)(rate(istio_requests_total{reporter=\"source\",destination_service=\"user.sock-shop.svc.cluster.local\",response_code!~\"2..\"}[5m]))",
          "legendFormat": "User {{response_code}}",
          "refId": "C"
        },
        {
          "expr": "avg by(response_code)(rate(istio_requests_total{reporter=\"source\",destination_service=\"catalogue.sock-shop.svc.cluster.local\",response_code!~\"2..\"}[5m]))",
          "legendFormat": "Catalog {{response_code}}",
          "refId": "D"
        },
        {
          "expr": "avg by(response_code)(rate(istio_requests_total{reporter=\"source\",destination_service=\"carts.sock-shop.svc.cluster.local\",response_code!~\"2..\"}[5m]))",
          "legendFormat": "Carts {{response_code}}",
          "refId": "E"
        },
        {
          "expr": "avg by(response_code)(rate(istio_requests_total{reporter=\"source\",destination_service=\"payment.sock-shop.svc.cluster.local\",response_code!~\"2..\"}[5m]))",
          "legendFormat": "Payments {{response_code}}",
          "refId": "F"
        },
        {
          "expr": "avg by(response_code)(rate(istio_requests_total{reporter=\"source\",destination_service=\"shipping.sock-shop.svc.cluster.local\",response_code!~\"2..\"}[5m]))",
          "legendFormat": "Shipping {{response_code}}",
          "refId": "G"
        }
      ],
      "thresholds": [
        {
          "colorMode": "critical",
          "fill": true,
          "line": true,
          "op": "gt",
          "value": 10
        }
      ],
      "timeFrom": null,
      "timeRegions": [],
      "timeShift": null,
      "title": "Client Failure Rate (5xx responses)",
      "tooltip": {
        "shared": true,
        "sort": 0,
        "value_type": "individual"
      },
      "type": "graph",
      "xaxis": {
        "buckets": null,
        "mode": "time",
        "name": null,
        "show": true,
        "values": []
      },
      "yaxes": [
        {
          "format": "short",
          "label": null,
          "logBase": 1,
          "max": null,
          "min": null,
          "show": true
        },
        {
          "format": "short",
          "label": null,
          "logBase": 1,
          "max": null,
          "min": null,
          "show": true
        }
      ],
      "yaxis": {
        "align": false,
        "alignLevel": null
      }
    },
    {
      "aliasColors": {},
      "bars": false,
      "cacheTimeout": null,
      "dashLength": 10,
      "dashes": false,
      "datasource": "${DS_PROMETHEUS}",
      "fill": 1,
      "fillGradient": 0,
      "gridPos": {
        "h": 4,
        "w": 24,
        "x": 0,
        "y": 7
      },
      "hiddenSeries": false,
      "id": 10,
      "interval": "",
      "legend": {
        "alignAsTable": false,
        "avg": false,
        "current": true,
        "max": false,
        "min": false,
        "rightSide": true,
        "show": true,
        "total": false,
        "values": true
      },
      "lines": true,
      "linewidth": 1,
      "links": [],
      "nullPointMode": "null",
      "options": {
        "dataLinks": []
      },
      "percentage": false,
      "pointradius": 2,
      "points": false,
      "renderer": "flot",
      "seriesOverrides": [],
      "spaceLength": 10,
      "stack": false,
      "steppedLine": false,
      "targets": [
        {
          "expr": "sum by(destination_service)(rate(istio_requests_total{reporter=\"source\",destination_service=\"front-end.sock-shop.svc.cluster.local\",response_code=\"200\"}[5m]))",
          "format": "time_series",
          "instant": false,
          "intervalFactor": 1,
          "legendFormat": "FrontEnd",
          "refId": "B"
        },
        {
          "expr": "sum by(destination_service)(rate(istio_requests_total{reporter=\"source\",destination_service=\"orders.sock-shop.svc.cluster.local\",response_code=\"200\"}[5m]))",
          "legendFormat": "Orders",
          "refId": "A"
        },
        {
          "expr": "sum by(destination_service)(rate(istio_requests_total{reporter=\"source\",destination_service=\"user.sock-shop.svc.cluster.local\",response_code=\"200\"}[5m]))",
          "legendFormat": "User",
          "refId": "C"
        },
        {
          "expr": "sum by(destination_service)(rate(istio_requests_total{reporter=\"source\",destination_service=\"catalogue.sock-shop.svc.cluster.local\",response_code=\"200\"}[5m]))",
          "legendFormat": "Catalog",
          "refId": "D"
        },
        {
          "expr": "sum by(destination_service)(rate(istio_requests_total{reporter=\"source\",destination_service=\"carts.sock-shop.svc.cluster.local\",response_code=\"200\"}[5m]))",
          "legendFormat": "Carts",
          "refId": "E"
        },
        {
          "expr": "sum by(destination_service)(rate(istio_requests_total{reporter=\"source\",destination_service=\"payment.sock-shop.svc.cluster.local\",response_code=\"200\"}[5m]))",
          "legendFormat": "Payment",
          "refId": "F"
        },
        {
          "expr": "sum by(destination_service)(rate(istio_requests_total{reporter=\"source\",destination_service=\"shipping.sock-shop.svc.cluster.local\",response_code=\"200\"}[5m]))",
          "legendFormat": "Shipping",
          "refId": "G"
        }
      ],
      "thresholds": [],
      "timeFrom": null,
      "timeRegions": [],
      "timeShift": null,
      "title": "Service RPS",
      "tooltip": {
        "shared": true,
        "sort": 0,
        "value_type": "individual"
      },
      "type": "graph",
      "xaxis": {
        "buckets": null,
        "mode": "time",
        "name": null,
        "show": true,
        "values": []
      },
      "yaxes": [
        {
          "format": "short",
          "label": null,
          "logBase": 1,
          "max": null,
          "min": null,
          "show": true
        },
        {
          "format": "short",
          "label": null,
          "logBase": 1,
          "max": null,
          "min": null,
          "show": true
        }
      ],
      "yaxis": {
        "align": false,
        "alignLevel": null
      }
    },
    {
      "alert": {
        "alertRuleTags": {},
        "conditions": [
          {
            "evaluator": {
              "params": [
                25
              ],
              "type": "gt"
            },
            "operator": {
              "type": "and"
            },
            "query": {
              "params": [
                "A",
                "1m",
                "now"
              ]
            },
            "reducer": {
              "params": [],
              "type": "count"
            },
            "type": "query"
          },
          {
            "evaluator": {
              "params": [
                25
              ],
              "type": "gt"
            },
            "operator": {
              "type": "or"
            },
            "query": {
              "params": [
                "B",
                "1m",
                "now"
              ]
            },
            "reducer": {
              "params": [],
              "type": "count"
            },
            "type": "query"
          },
          {
            "evaluator": {
              "params": [
                25
              ],
              "type": "gt"
            },
            "operator": {
              "type": "or"
            },
            "query": {
              "params": [
                "C",
                "10s",
                "now"
              ]
            },
            "reducer": {
              "params": [],
              "type": "count"
            },
            "type": "query"
          }
        ],
        "executionErrorState": "alerting",
        "for": "1m",
        "frequency": "10s",
        "handler": 1,
        "message": "Node count reaching threshold of 30",
        "name": "Pods per Node alert",
        "noDataState": "no_data",
        "notifications": [
          {
            "uid": "gtGk8BXWz"
          },
          {
            "uid": "Ng1zsK9Zz"
          }
        ]
      },
      "aliasColors": {},
      "bars": false,
      "dashLength": 10,
      "dashes": false,
      "datasource": "${DS_PROMETHEUS}",
      "fill": 1,
      "fillGradient": 0,
      "gridPos": {
        "h": 4,
        "w": 7,
        "x": 0,
        "y": 11
      },
      "hiddenSeries": false,
      "id": 6,
      "legend": {
        "avg": false,
        "current": false,
        "max": false,
        "min": false,
        "show": true,
        "total": false,
        "values": false
      },
      "lines": true,
      "linewidth": 1,
      "nullPointMode": "null",
      "options": {
        "dataLinks": []
      },
      "percentage": false,
      "pointradius": 2,
      "points": false,
      "renderer": "flot",
      "seriesOverrides": [],
      "spaceLength": 10,
      "stack": false,
      "steppedLine": false,
      "targets": [
        {
          "expr": "kubelet_running_pod_count{instance=\"aks-agentpool-33086131-vmss000000\"}",
          "legendFormat": "Node1",
          "refId": "A"
        },
        {
          "expr": "kubelet_running_pod_count{instance=\"aks-agentpool-33086131-vmss000001\"}",
          "legendFormat": "Node2",
          "refId": "B"
        },
        {
          "expr": "kubelet_running_pod_count{instance=\"aks-agentpool-33086131-vmss000002\"}",
          "legendFormat": "Node3",
          "refId": "C"
        }
      ],
      "thresholds": [
        {
          "colorMode": "critical",
          "fill": true,
          "line": true,
          "op": "gt",
          "value": 25
        }
      ],
      "timeFrom": null,
      "timeRegions": [],
      "timeShift": null,
      "title": "Pods per Node",
      "tooltip": {
        "shared": true,
        "sort": 0,
        "value_type": "individual"
      },
      "type": "graph",
      "xaxis": {
        "buckets": null,
        "mode": "time",
        "name": null,
        "show": true,
        "values": []
      },
      "yaxes": [
        {
          "format": "short",
          "label": null,
          "logBase": 1,
          "max": null,
          "min": null,
          "show": true
        },
        {
          "format": "short",
          "label": null,
          "logBase": 1,
          "max": null,
          "min": null,
          "show": true
        }
      ],
      "yaxis": {
        "align": false,
        "alignLevel": null
      }
    },
    {
      "alert": {
        "alertRuleTags": {},
        "conditions": [
          {
            "evaluator": {
              "params": [
                0
              ],
              "type": "gt"
            },
            "operator": {
              "type": "and"
            },
            "query": {
              "params": [
                "A",
                "1s",
                "now"
              ]
            },
            "reducer": {
              "params": [],
              "type": "sum"
            },
            "type": "query"
          }
        ],
        "executionErrorState": "alerting",
        "for": "5s",
        "frequency": "1s",
        "handler": 1,
        "message": "Unauthorized login attempt detected! :fire:",
        "name": "Unauthorized Logins alert",
        "noDataState": "ok",
        "notifications": [
          {
            "uid": "Ng1zsK9Zz"
          }
        ]
      },
      "aliasColors": {},
      "bars": false,
      "dashLength": 10,
      "dashes": false,
      "datasource": "${DS_PROMETHEUS}",
      "fill": 1,
      "fillGradient": 0,
      "gridPos": {
        "h": 4,
        "w": 5,
        "x": 7,
        "y": 11
      },
      "hiddenSeries": false,
      "id": 8,
      "legend": {
        "avg": false,
        "current": false,
        "max": false,
        "min": false,
        "show": true,
        "total": false,
        "values": false
      },
      "lines": true,
      "linewidth": 1,
      "nullPointMode": "null",
      "options": {
        "dataLinks": []
      },
      "percentage": false,
      "pointradius": 2,
      "points": false,
      "renderer": "flot",
      "seriesOverrides": [],
      "spaceLength": 10,
      "stack": false,
      "steppedLine": false,
      "targets": [
        {
          "expr": "count by(destination_service)(rate(istio_requests_total{reporter=\"source\",destination_service=\"front-end.sock-shop.svc.cluster.local\",response_code=\"401\"}[5m]))",
          "legendFormat": "Unauthorized",
          "refId": "A"
        }
      ],
      "thresholds": [
        {
          "colorMode": "critical",
          "fill": true,
          "line": true,
          "op": "gt",
          "value": 0
        }
      ],
      "timeFrom": null,
      "timeRegions": [],
      "timeShift": null,
      "title": "Unauthorized Logins",
      "tooltip": {
        "shared": true,
        "sort": 0,
        "value_type": "individual"
      },
      "type": "graph",
      "xaxis": {
        "buckets": null,
        "mode": "time",
        "name": null,
        "show": true,
        "values": []
      },
      "yaxes": [
        {
          "format": "short",
          "label": null,
          "logBase": 1,
          "max": null,
          "min": null,
          "show": true
        },
        {
          "format": "short",
          "label": null,
          "logBase": 1,
          "max": null,
          "min": null,
          "show": true
        }
      ],
      "yaxis": {
        "align": false,
        "alignLevel": null
      }
    },
    {
      "alert": {
        "alertRuleTags": {},
        "conditions": [
          {
            "evaluator": {
              "params": [
                3
              ],
              "type": "gt"
            },
            "operator": {
              "type": "and"
            },
            "query": {
              "params": [
                "A",
                "30s",
                "now"
              ]
            },
            "reducer": {
              "params": [],
              "type": "sum"
            },
            "type": "query"
          },
          {
            "evaluator": {
              "params": [
                3
              ],
              "type": "gt"
            },
            "operator": {
              "type": "or"
            },
            "query": {
              "params": [
                "C",
                "30s",
                "now"
              ]
            },
            "reducer": {
              "params": [],
              "type": "sum"
            },
            "type": "query"
          },
          {
            "evaluator": {
              "params": [
                3
              ],
              "type": "gt"
            },
            "operator": {
              "type": "or"
            },
            "query": {
              "params": [
                "D",
                "30s",
                "now"
              ]
            },
            "reducer": {
              "params": [],
              "type": "sum"
            },
            "type": "query"
          },
          {
            "evaluator": {
              "params": [
                3
              ],
              "type": "gt"
            },
            "operator": {
              "type": "or"
            },
            "query": {
              "params": [
                "E",
                "30s",
                "now"
              ]
            },
            "reducer": {
              "params": [],
              "type": "sum"
            },
            "type": "query"
          },
          {
            "evaluator": {
              "params": [
                3
              ],
              "type": "gt"
            },
            "operator": {
              "type": "or"
            },
            "query": {
              "params": [
                "F",
                "30s",
                "now"
              ]
            },
            "reducer": {
              "params": [],
              "type": "sum"
            },
            "type": "query"
          }
        ],
        "executionErrorState": "alerting",
        "for": "30s",
        "frequency": "10s",
        "handler": 1,
        "message": "Database service error(s) detected!",
        "name": "DB Service Failure Rate (5xx responses) alert",
        "noDataState": "ok",
        "notifications": [
          {
            "uid": "Ng1zsK9Zz"
          }
        ]
      },
      "aliasColors": {},
      "bars": false,
      "cacheTimeout": null,
      "dashLength": 10,
      "dashes": false,
      "datasource": "${DS_PROMETHEUS}",
      "fill": 1,
      "fillGradient": 0,
      "gridPos": {
        "h": 4,
        "w": 12,
        "x": 12,
        "y": 11
      },
      "hiddenSeries": false,
      "id": 11,
      "interval": "",
      "legend": {
        "alignAsTable": false,
        "avg": false,
        "current": true,
        "max": false,
        "min": false,
        "rightSide": true,
        "show": true,
        "total": false,
        "values": true
      },
      "lines": true,
      "linewidth": 1,
      "links": [],
      "nullPointMode": "null",
      "options": {
        "dataLinks": []
      },
      "percentage": false,
      "pointradius": 2,
      "points": false,
      "renderer": "flot",
      "seriesOverrides": [],
      "spaceLength": 10,
      "stack": false,
      "steppedLine": false,
      "targets": [
        {
          "expr": "avg by(destination_service,response_code)(rate(istio_requests_total{reporter=\"source\",destination_service=\"orders-db\",response_code!~\"2..\"}[5m]))",
          "legendFormat": "Orders {{response_code}}",
          "refId": "A"
        },
        {
          "expr": "avg by(destination_service,response_code)(rate(istio_requests_total{reporter=\"source\",destination_service=\"users-db\",response_code!~\"2..\"}[5m]))",
          "legendFormat": "User {{response_code}}",
          "refId": "C"
        },
        {
          "expr": "avg by(destination_service,response_code)(rate(istio_requests_total{reporter=\"source\",destination_service=\"catalogue-db\",response_code!~\"2..\"}[5m]))",
          "legendFormat": "Catalog {{response_code}}",
          "refId": "D"
        },
        {
          "expr": "avg by(destination_service,response_code)(rate(istio_requests_total{reporter=\"source\",destination_service=\"carts-db\",response_code!~\"2..\"}[5m]))",
          "legendFormat": "Carts {{response_code}}",
          "refId": "E"
        },
        {
          "expr": "avg by(destination_service,response_code)(rate(istio_requests_total{reporter=\"source\",destination_service=\"session-db\",response_code!~\"2..\"}[5m]))",
          "legendFormat": "Session {{response_code}}",
          "refId": "F"
        }
      ],
      "thresholds": [
        {
          "colorMode": "critical",
          "fill": true,
          "line": true,
          "op": "gt",
          "value": 3
        }
      ],
      "timeFrom": null,
      "timeRegions": [],
      "timeShift": null,
      "title": "DB Service Failure Rate (5xx responses)",
      "tooltip": {
        "shared": true,
        "sort": 0,
        "value_type": "individual"
      },
      "type": "graph",
      "xaxis": {
        "buckets": null,
        "mode": "time",
        "name": null,
        "show": true,
        "values": []
      },
      "yaxes": [
        {
          "format": "short",
          "label": null,
          "logBase": 1,
          "max": null,
          "min": null,
          "show": true
        },
        {
          "format": "short",
          "label": null,
          "logBase": 1,
          "max": null,
          "min": null,
          "show": true
        }
      ],
      "yaxis": {
        "align": false,
        "alignLevel": null
      }
    }
  ],
  "refresh": "10s",
  "schemaVersion": 21,
  "style": "dark",
  "tags": [],
  "templating": {
    "list": []
  },
  "time": {
    "from": "now-1h",
    "to": "now"
  },
  "timepicker": {
    "refresh_intervals": [
      "5s",
      "10s",
      "30s",
      "1m",
      "5m",
      "15m",
      "30m",
      "1h",
      "2h",
      "1d"
    ]
  },
  "timezone": "",
  "title": "Command Center",
  "uid": "llQdv6XZk",
  "version": 29
}